 ,Agua,Plomería,Plomero,Plomera
,Agua,Piscinas,Instalador,Instaladora
,Agua,Desagües,Instalador,Instaladora
,Energía,Electricidad,Electricista,Electricista
,Energía,Energía Alternativa,Electricista,Electricista
,Temperatura,Climatización,Técnico,Técnica
,Suelos,Limpieza Gral.,Maestranza,Maestranza
,Suelos,Jardinería,Jardinero,Jardinera
,Aire,Aires Acondicionados,Técnico,Técnica
,Fuego,Pintura,Pintor,Pintora
,Aberturas,Cerrajería,Cerrajero,Cerrajera
,Tecnología,Computación,Técnico,Técnica
,Tecnología,Audio-Video,Técnico,Técnica
,Tecnología,Internet-Redes,Técnico,Técnica
,Tecnología,Portónes Automáticos,Técnico,Técnica
,Tecnología,Sistemas de Seguridad,Técnico,Técnica
,Estructuras,Herrería,Herrero,Herrera
,Estructuras,Carpintería,Carpintero,Carpintera
,Estructuras,Albañilería,Albañil,Albañil
,Estructuras,Reformas integrales,Arquitecto,Arquitecta
,Estructuras,Techos,Arquitecto,Arquitecta
,Estructuras,Cercos perimetrales,Montador,Montadora
